{
  "with_rag": {
    "segment_level": {
      "non_hallucinated": {
        "precision": 0.576271186440678,
        "recall": 0.6355140186915887,
        "f1-score": 0.6044444444444445,
        "support": 107.0
      },
      "hallucinated": {
        "precision": 0.5806451612903226,
        "recall": 0.5192307692307693,
        "f1-score": 0.5482233502538071,
        "support": 104.0
      },
      "macro_avg": {
        "precision": 0.5784581738655004,
        "recall": 0.577372393961179,
        "f1-score": 0.5763338973491258,
        "support": 211.0
      },
      "weighted_avg": {
        "precision": 0.5784270792575644,
        "recall": 0.5781990521327014,
        "f1-score": 0.5767335733741777,
        "support": 211.0
      },
      "total_segments": 211
    },
    "statement_level": {
      "accuracy": 0.62,
      "total_statements": 100
    },
    "error_type_distribution": {
      "entity_error": 32,
      "factuality_contradiction": 56,
      "temporal_error": 5
    }
  },
  "no_rag": {
    "segment_level": {
      "non_hallucinated": {
        "precision": 0.6190476190476191,
        "recall": 0.3644859813084112,
        "f1-score": 0.4588235294117647,
        "support": 107.0
      },
      "hallucinated": {
        "precision": 0.5405405405405406,
        "recall": 0.7692307692307693,
        "f1-score": 0.6349206349206349,
        "support": 104.0
      },
      "macro_avg": {
        "precision": 0.5797940797940798,
        "recall": 0.5668583752695903,
        "f1-score": 0.5468720821661998,
        "support": 211.0
      },
      "weighted_avg": {
        "precision": 0.5803521869872581,
        "recall": 0.5639810426540285,
        "f1-score": 0.5456202070085537,
        "support": 211.0
      },
      "total_segments": 211
    },
    "statement_level": {
      "accuracy": 0.62,
      "total_statements": 100
    },
    "error_type_distribution": {
      "entity_error": 24,
      "factuality_contradiction": 121,
      "temporal_error": 3
    }
  }
}